Date,News
2024-02-16,Russian opposition politician and Putin critic Alexei Navalny has died
2024-02-12,"Mongolia's former president mocks Putin with a map showing how big the Mongol empire used to be, and how small Russia was"
2024-02-11,Nato chief says Trump remarks may put US and EU lives at risk
2024-02-01,Biden signs unprecedented order targeting Israeli settlers who attack Palestinians
2024-01-30,CIA director: Not passing Ukraine aid would be a mistake 'of historic proportions'
2024-02-05,"King Charles III diagnosed with cancer, Buckingham Palace says"
2024-02-08,Polish leader says US Republican senators should be ashamed for scuttling Ukrainian aid
2024-01-28,"Three US troops killed in drone attack in Jordan, at least two dozen injured"
2024-02-04,Russia Has Massed 500 Tanks For An Attack On Kupyansk. Thousands Of Ukrainian Drones Await Them.
2024-02-14,"Russian landing ship Caesar Kunikov hit in Black Sea, it has sunk – intelligence sources, photo, video"
2024-02-15,White House confirms US has intelligence on Russian anti-satellite capability
2024-02-10,Biden Likens Failure to Grant Ukraine Aid to ‘Criminal Neglect’
2024-02-08,Putin challenger says he is barred from election
2024-01-28,Biden says US 'shall respond' after drone strike by Iran-backed group kills 3 US troops in Jordan
2024-01-31,Iran Warns It Will Retaliate After Biden Says He’s Decided How To Respond To Killing Of 3 U.S. Soldiers
2024-02-07,Mexico overtakes China as the leading source of goods imported to US
2024-01-23,Ukraine is running out of ammo for its US-supplied Howitzers as it tries to fend off massive Russian attacks
2024-01-19,Nato warns of all-out war with Russia in next 20 years
2024-01-24,"British public will be called up to fight if UK goes to war because ‘military is too small’, Army chief warns"
2024-01-27,Ukraine: Hack wiped 2 petabytes of data from Russian research center
2024-01-26,"Yemen Houthi rebels fire a missile at a US warship, escalating worst Mideast sea conflict in decades"
2024-02-02,Russia finds ‘errors’ in paperwork of candidate hoping to stand against Putin
2024-02-02,"US starts retaliatory strikes in Iraq, Syria -officials"
2024-02-07,US drone strike kills Iran-aligned militia leader in Baghdad
2024-01-19,"Zelenskyy invites Trump to Ukraine again, calls his ''peace plan'' dangerous"
2024-02-14,ABC News: Alleged 'serious threat' to US national security relates to Russia's plans to put nuclear weapons in space
2024-01-23,"We are running out of time to build defences against Russia, warns Norway's commander in chief"
2024-02-16,Putin signs property confiscation law - The law is aimed to punish for spreading “falsehoods” about the Russian army
2024-02-12,Dutch court orders halt to export of F-35 jet parts to Israel
2024-02-13,Estonia Says Russia Is Preparing For A Military Confrontation With The West
2024-02-08,Massive Explosion Hits Russian Plant Making Nuclear Capable ICBMs
2024-01-29,"China Evergrande ordered to liquidate, owing $300 bln"
2024-02-06,"One fifth of hostages in captivity are actually dead, NYT reports"
2024-02-03,Major Russian Oil Refinery in Volgograd Region Falls Victim to a Drone Attack
2024-02-11,Madagascar Passes Bill To Castrate Child Rapists
2024-02-15,"Ukraine's Zelensky signs medical marijuana bill, a step he says can heal 'pain, stress and trauma of war' with Russia"
2024-02-15,Putin on war against Ukraine: We regret not starting it earlier
2024-02-13,Russia warns the West: we will be very tough if you 'steal' our assets
2024-01-30,Hamas command center found under cemetery Israel accused of desecrating
2024-01-22,Mega-rich renew call on global leaders at Davos to 'tax our extreme wealth'
2024-01-30,"Biden’s response to Jordan attack is likely to be powerful, but US is wary of triggering a wider war with Iran, officials say | CNN Politics"
2024-01-31,"Iran not seeking war with US but ‘not afraid of it’, says military chief"
2024-02-09,"Canadians won't be fooled by Putin propaganda on Ukraine, Trudeau says"
2024-01-21,"Russia Deploys Silok Jammers To Ground Ukraine’s Drones. Ukraine Hunts Down The Siloks With, You Guessed It, Drones."
2024-02-05,"'Zelenskyy: As far as ground war is concerned, it's hit a stalemate, that's a fact' ""We are fighting against terrorists who have one of the largest armies in the world. Ammunition is not enough – we need modern equipment."" [interview Italian TV channel Rai1]"
2024-02-14,Exhausted Ukraine struggles to find new men for front line
2024-01-27,"Kim Jong-un admits “terrible situation” in rural areas, pushes for regional development"
2024-01-22,"Media: After Ukrainian drone attack on Novatek, Moscow shifts air defenses from frontline to rear areas"
2024-02-14,"US Navy aircraft carrier going head-to-head with the Houthis has its planes in the air 'constantly,' strike-group commander says"
2024-02-16,"Long COVID Seems to Be a Brain Injury, Scientists Discover"
2024-01-30,Russia Hit With Widespread Internet Outage Across Country
2024-01-27,"Gazans call for Hamas overthrow, flee through IDF humanitarian corridor"
2024-01-25,"Only five bodies delivered to Belgorod morgue after mysterious Russian plane crash, Ukrainian intelligence suggests | CNN"
2024-02-11,Ukraine's military intelligence says it confirms use of Musk's Starlink by Russian forces
2024-02-03,Nigerian traditional monarch shot dead and wife kidnapped from palace
2024-02-02,"China reports death of woman from combined H3N2, H10N5 strains of bird flu"
2024-02-16,Biden blames Putin for Russian opposition leader Alexei Navalny's death
2024-02-06,Ukraine's Special Forces blew up Russian radar station in Black Sea
2024-01-20,Ukrainian hackers steal construction plans for 500 Russian military sites
2024-01-27,Russians queue to support Putin opponent in presidential election race
2024-02-16,"‘They lied’: plastics producers deceived public about recycling, report reveals"
2024-02-08,13 sentenced to death for homosexuality in Yemen. A Houthi-run court in Yemen has sentenced 13 people to public execution on homosexuality charges
2024-01-29,Iran Denies Ordering Drone Strike as Biden Weighs a Response
2024-01-24,Ukraine says it was not informed about need to ensure safety of airspace before plane crash in Belgorod Oblast
2024-02-01,EU leaders approve €50 billion deal for Ukraine after Orbán lifts veto
2024-02-02,China’s yuan replaces US dollar as ‘primary’ currency for Russia’s foreign trade
2024-02-17,"Czech Republic has identified a way to procure 3.5 million rounds of ammunition for Ukraine but needs funding to do so, said the country’s president Petr Pavel"
2024-01-25,Russia says Ukraine had 15-minute warning on PoW flight; Kyiv demands international probe
2024-01-20,"Ethnic killings in one Sudan city left up to 15,000 dead - UN report"
2024-02-04,Hamas shows signs of return in Gaza City after Israel withdraws of its most troops from area
2024-01-26,UN agency fires staff members allegedly involved in October 7 attacks
2024-02-09,Scholz says Carlson interview with Putin tells 'absurd story'
2024-01-25,Putin sparks fears of war with Nato as he visits Kaliningrad
2024-01-22,Hamas official says ‘no chance’ hostages will return to Israel after Netanyahu rejects deal
2024-02-07,Ukrainian Special Ops Destroy Russian-Held Mining Platform in Black Sea
2024-02-10,"Hamas had command tunnel under U.N. Gaza headquarters, Israeli military says"
2024-02-08,Russia Storming Avdiivka with ‘Very Large Forces’
2024-01-21,"US, Egypt, Qatar said pushing plan to end war, free hostages, form Palestinian state"
2024-01-22,Putin attack on NATO ‘possible’ in 5-8 years: German defense chief
2024-02-07,Macron calls Hamas attacks ‘biggest antisemitic massacre of our century’
2024-01-30,Biden says he's decided on response to Iran over deadly drone attack
2024-02-02,Greta Thunberg Case thrown out due to 'unlawful' conditions
2024-02-15,Armenia warns that Azerbaijan is planning a ‘full-scale war’
2024-02-04,China named as hypothetical enemy for 1st time in Japan-U.S. exercise
2024-02-07,Explosions Heard in Kyiv as Russia Launches Another Mass Missile Strike
2024-02-06,Iranian intelligence suspected of plot to kill Swedish Jews
2024-02-14,Belgium confirms Hamas operating within its borders through shell companies
2024-02-10,NATO reportedly wants to coordinate arms supplies to Ukraine instead of US
2024-02-17,"Russia has captured some soldiers, Ukrainian commander says, as Kyiv’s forces withdraw from key town of Avdiivka"
2024-01-29,"Netanyahu must be removed, top former Israeli national security officials say"
2024-01-29,"Amelia Earhart's long-lost plane possibly detected by sonar 16,000 feet underwater, exploration team claims"
2024-01-27,"US to sell 40 F-35 fighter jets to Greece, gift other aircraft"
2024-02-10,"Zelensky Bets on New Generation, Battle-Tested Officers for Top Army Posts"
2024-01-26,Germany unearths pro-Russia disinformation campaign on X
2024-02-08,"Israel cannot use Oct. 7 as ‘license to dehumanize others,’ Blinken warns in Tel Aviv"
2024-01-19,Ukrainian Intel Confirms It Struck Russian Oil Depot and Gunpowder Factory
2024-01-20,"Tens of thousands of people protested the far right in cities across Germany on Saturday, attending events with slogans such as “Never Again is Now,” “Against Hate” and “Defend Democracy.” The large crowds were the latest in a series of demonstrations that have been gaining momentum in recent days"
2024-02-13,Germany's Scholz calls for urgent 'mass production' of European arms
2024-01-25,Bellingcat’s investigator uncovers special Russian kill team sabotage plots across Europe
2024-01-24,Russia military jet crashes in region near Ukraine
2024-02-08,"Ukraine’s top commander, Zaluzhny, officially out"
2024-02-04,The UK's flagship aircraft carrier suffers new misfortune and won't lead major NATO exercise
2024-01-22,"Zelensky Publishes Decree on 'Historically' Ukrainian Regions, Russia Furious"
2024-02-17,"Ukraine shoots down three Russian warplanes, air force chief says"
2024-01-19,Evidence points to systematic use of rape and sexual violence by Hamas in 7 October attacks
2024-01-27,Ukraine says it uncovers mass fraud in weapons procurement
2024-02-14,"Germany Hits 2% NATO Target for First Time Since 1992, Reports Dpa"
2024-01-28,Ukraine says corrupt officials stole $40 million meant to buy arms for the war with Russia
2024-02-08,Russia deploying Starlink in Ukraine—reports
2024-02-09,"Critical Atlantic Ocean current system is showing early signs of collapse, prompting warning from scientists | CNN"
2024-01-25,"Russia Eyes Nuclear Deterrent After Military Losses in Ukraine, Report Warns"
2024-01-19,Houthi official promises safe passage for Russian and Chinese ships
2024-02-02,"US moves to seize more than 500,000 barrels of Iranian oil it says was illegally trafficked"
2024-01-25,Senior Russian officials were supposed to be on Il-76 flight that crashed but did not board
2024-02-03,Pope Francis Condemns 'Terrible Increase In Attacks Against Jews' Worldwide
2024-02-12,"Austria’s dependence on Russian gas rises to 98%, two years after Ukraine war"
2024-01-31,US Blocks $3-Billion Drone Sale to India Until ‘Meaningful Investigation’ of Pannun Assassination Conspiracy
2024-02-13,Australia to ban doxxing after pro-Palestinian activists publish information about hundreds of Jews
2024-01-20,"Iran accuses Israel of killing a spy chief and 3 of its top Revolutionary Guards in Syria, escalating tensions in the region"
2024-02-07,"$375,000 - The Sticker Price for an Iranian Shahed Drone sold to Russia"
2024-01-20,Iran says senior IRGC officials dead in Israel strike on Damascus
2024-02-05,Zelenskyy confirms he is thinking about replacing Ukraine's top military commander
2024-02-02,Russia’s frozen assets are generating billions. The EU is getting ready to send them to Ukraine
2024-02-12,North Korea cracks down on homes converted into Airbnb-style lodgings
2024-02-08,Britain increases artillery shell production ‘eight-fold’
2024-02-01,Russian Girl Jailed for Wearing Rainbow-Colored Earrings
2024-02-15,"An entire generation of young people from Gaeltacht (the Irish-speaking area of Ireland) cannot buy a house nor a site in their own area: “There are no houses available to rent, all the houses are up on Airbnb...."""
2024-02-10,Top German General: Germany must prep for potential war in 5 years
2024-01-19,US warns of Russian efforts to turn public opinion against Ukraine in upcoming European elections
2024-01-23,Turkish Parliament Votes to Ratify Sweden’s Entry Into NATO
2024-02-13,"Russia used an advanced hypersonic missile for the first time in recent strike, Ukraine claims | CNN"
2024-01-26,Boris Nadezhdin: Putin's would-be opponent vows to end Ukraine war
2024-02-09,"Venezuela building up troops on Guyana border, satellite images show | Venezuela"
2024-01-27,Putin Says Russia Shouldn’t Be Ruled By ‘Weirdos Who Show Their Backsides’
2024-01-24,"Hamas bigwig rejects 2-state solution, says Oct. 7 'revived dream to free Palestine'"
2024-02-07,Pope Francis says opposing blessings for gay couples is hypocrisy
2024-01-30,French move to make abortion a ‘guaranteed freedom’ gains big win in lower house
2024-01-22,'Holocaust isn’t related to Jews': Russia slams Germany over support of Israel at The Hague
2024-02-07,Argentine President in tears at Western Wall; says embassy to move to Jerusalem
2024-01-29,"Iran-backed terrorists abandon positions along Iraq-Syria border, avoid phone calls after US vows revenge for Jordan"
2024-02-17,Hamas says Israeli hostages have suffered many losses
2024-01-22,Netanyahu: Israel rejects Hamas's terms of surrender
2024-01-21,"Zelenskyy: We need to think how to hold elections but currently, law forbids it"
2024-01-24,Canada sending more equipment to Ukraine as full-scale war with Russia nears 2-year mark | CBC News
2024-01-19,"White House: Military cooperation between Russia, North Korea has potential to 'drastically' change security threat"
2024-02-11,"Russia has recruited as many as 15,000 Nepalis to fight its war"
2024-01-27,"No evidence for Russia’s claim that dozens of POWs died in plane crash, Ukraine says"
2024-02-16,X accused of taking payments from terrorists
2024-01-31,Iran on high alert as Biden mulls response to killing of US servicemen
2024-02-11,"In Poland, protesters dumped grain from Ukrainian trucks on road"
2024-02-11,South Korea schools to extend extracurricular classes until 8 p.m. for first graders
2024-01-22,Israel proposes 2-month fighting pause in Gaza for release of all hostages
2024-01-24,Orbán backs Sweden’s NATO bid in sudden U-turn
2024-01-21,"Zelenskyy downplays need to conscript 500,000 reservists but says mobilization law still critical"
2024-01-19,Italian navy officer sentenced to 20 years for spying for Russia
2024-01-21,Russia will consider property confiscations for those convicted of discrediting the army
2024-02-16,Ukraine Russia war: US warns Avdiivka could fall
2024-02-11,"Russia is using SpaceX’s Starlink satellite devices in Ukraine, sources say"
2024-01-20,Zelenskyy calls Trump's rhetoric about Ukraine's war with Russia 'very dangerous'
2024-02-09,Rishi Sunak paid effective tax rate of 23% on £2.2m income last year
2024-02-09,Meta suspends Iran's Supreme Leader Ali Khamenei’s Facebook and Instagram accounts
2024-02-15,"Putin urges Russians to have more kids, says ethnic survival at stake"
2024-02-12,Swiss police probe hotel ski rental ban for Jewish guests
2024-02-09,Poll: 77% of Russians support war in Ukraine
2024-02-16,"1 dead, 5 wounded in terror shooting in southern Israel"
2024-01-20,"Carbon released by bottom trawling ‘too big to ignore’, says study"
2024-01-22,'Never again': Huge protests against far-right continue in Germany - I24NEWS
2024-02-07,"Leading Chinese bank halts operations in Russia, Belarus"
2024-02-06,Italy’s far-right government submits plan to decriminalise abuse of office
2024-02-04,Measles outbreak in the UK declared a national incident
2024-02-13,"Putin's suggestion of Ukraine ceasefire rejected by United States, sources say"
2024-01-23,Mexico demands investigation into U.S. military-grade weapons being used by drug cartels
2024-01-31,"Bloomberg: Russia creates new mercenary army in Africa called ""Africa Corps"", replacing Wagner group"
2024-02-12,"Shin Bet, IDF rescues 2 hostages from Rafah"
2024-01-23,Kyiv rejects calls to cede land to Russia by Slovakia’s populist leader ahead of high-level meeting
2024-02-05,El Salvador’s ‘cool dictator’ boasts country would be ‘a one-party system’ after election win
2024-02-16,"Gazan riots erupt near Rafah's border with Egypt, fire breaks out"
2024-02-15,Kremlin dismisses U.S. warning about Russian nuclear capability in space
2024-01-20,IDF finds tunnel in Khan Younis where 20 hostages were held in ‘inhumane conditions’
2024-02-05,Ukrainian special forces capture and interrogate Russian mercenaries from Wagner PMC in Sudan
2024-01-29,UAE strongly condemns terrorist attack on US military base in Jordan
2024-01-31,Nestlé admits to treating bottled mineral water in breach of French regulations
2024-01-31,"Kyiv Confirms Drone Attack on St. Petersburg Oil Refinery, Claims UAV Dodged Russia’s Best Air Defense"
2024-01-29,"Hamas seems to reject new hostage deal offer, says it’ll only accept full IDF pullout"
2024-02-09,"Sweden has thwarted Iranian attack plots, counterintelligence police say"
2024-02-13,S. Korea vows 'overwhelming response' if N. Korea provokes
2024-01-23,Netanyahu Under Pressure as 21 IDF Soldiers Killed While Setting Explosives in Gaza Homes
2024-02-11,"Egypt relays message to Hamas that it has two weeks for hostage deal, or IDF will enter Rafah"
2024-02-02,Russia condemns Ecuador over decision to hand Russian military hardware to US for Ukraine - RIA
2024-02-01,"US approves plan to strike Iranian targets in Syria and Iraq, officials say"
2024-01-31,"'We'll Fight Until We're Dead': With Dwindling Ammunition, Ukrainian Soldiers Defend Their Gains"
2024-01-29,Japan and Germany sign military supply-sharing pact
2024-02-02,"US Approves $4B Sale of MQ-9B Drones, Hellfire Missiles to India"
2024-02-17,Ukrainian Armed Forces announce withdrawal from key town of Avdiivka
2024-01-29,Financial Times: Leaked document reveals EU considering cutting off funding to Hungary over Ukraine aid veto
2024-01-20,"BBC says Ukrainian drone caused major oil fire in southern Russia, 2nd in 2 days"
2024-01-22,"Iran is 'directly involved' in Houthi ship attacks, US Navy's Mideast chief says"
2024-02-13,Russia declares Estonian PM Kaja Kallas a 'wanted' person – DW
2024-02-13,U.S. seizes cargo jet Iran illegally sold to Venezuela - I24NEWS
2024-01-28,Hungary far-right would lay claim to western Ukraine should it lose war
2024-02-17,Zelenskyy offers Trump a tour of Ukraine’s front line
2024-01-24,World's first rhino IVF pregnancy could save species that has only 2 living animals remaining
2024-02-06,Yazidi woman held by Islamic State for 10 years freed from al-Hawl camp by Women’s Protection Units (YPJ) in Syria
2024-02-14,Israeli jets hit Lebanon in heaviest strike since Gaza war began
2024-02-06,"China, Russia and Iran to hold navy drills aimed at ‘regional security’, admiral says as Middle East tensions flare"
2024-01-27,"Russia struggles to sell Pacific oil, 14 tankers stuck"
2024-02-17,Mass killer Breivik loses human rights case to end prison isolation
2024-02-03,U.S. launches new military strikes in Yemen
2024-01-31,"EU must defend Ukraine even if US reduces military support, Macron says"
2024-01-19,Cocaine found in toilets of four Swedish parties' parliamentary offices
2024-01-25,"Russian forces employing new poison gas grenades, says armament research centre"
2024-02-08,Scholz ahead of US visit: Russian victory in Ukraine would imperil us all
2024-01-20,"Germany: Marches against the far-right draw over 150,000 – DW"
2024-02-03,Ukraine informs U.S. about decision to fire top general
2024-02-04,"India involved in election interference in Canada, says intelligence report"
2024-02-02,Putin: Occupied Ukrainian regions to be integrated with Russia by 2030
2024-01-20,Houthis embrace 'direct confrontation' with U.S. as Biden admits airstrikes aren't working
2024-01-19,NATO official warns West: Be ready for ‘anything’
2024-02-12,"Australian Jews alarmed after list of ‘Zionists’ publicized, fueling harassment"
2024-02-15,‘A lot higher than we expected’: Russian arms production worries Europe’s war planners
2024-02-09,Avdiivka Mayor Confirms Russian Incursion into City Outskirts
2024-02-06,Russia poised to bar only antiwar candidate from presidential race
2024-01-30,Indian Navy rescues 19 Pakistani crew onboard vessel hijacked by Somali pirates in Arabian Sea
2024-01-26,Military intelligence: Russia currently refuses international commission to investigate Il-76 crash
2024-01-28,Minns warns neo-Nazis will be named and shamed after another Sydney gathering
2024-02-05,"LGBTQ+ Palestinians can request asylum in Israel, court rules"
2024-01-31,US navy destroys Houthi missile that posed 'imminent threat' to aircraft
2024-01-26,"China presses Iran to rein in Houthi attacks in Red Sea, sources say"
2024-02-01,Gunmen take hostages at US company's Turkish factory in apparent protest of Gaza war
2024-02-03,Paris residents set to vote on plan to triple parking charges for SUVs
2024-02-01,Houthis claim to have hit US merchant ship in Red Sea
2024-01-20,North Korea teens get 12 years' hard labour for watching K-pop
2024-01-22,Asteroid the size of two ducks impacts above Germany
2024-02-02,Record Number of Russians Would Reverse Decision to Invade Ukraine – Poll
2024-02-04,Finance worker pays out $25 million after video call with deepfake chief financial officer
2024-01-21,Russian seaport terminal on fire
2024-02-05,"Houthis may sabotage western internet cables in Red Sea, Yemen telecoms firms warn"
2024-02-14,'We can be killed in the UK at any time': Sikh activist fears for life after being named on Indian 'hit list'
2024-02-12,Armenia's PM: 'We are not Russia's ally' in war against Ukraine
2024-01-23,Zelensky Proposes Ukrainian Citizenship For Foreign Fighters
2024-02-14,"‘All for one’: France, Germany, Poland to tighten defence ties"
2024-02-14,"Iran's main gas pipeline hit by sabotage, oil minister says"
2024-02-08,Milei’s party presents draft bill to repeal Argentina abortion law
2024-02-05,Netherlands to send 6 more F-16 jets to Ukraine
2024-01-21,For releasing hostages: Hamas wants guarantees it stays standing
2024-02-03,"US Strikes Kill at least 18 Pro-Iran militants In Syria, the Syrian Observatory for Human rights says"
2024-02-03,UK lawmakers annoyed that the £2.5 billion from the sale of Chelsea FC has still not yet gone to support Ukraine as had been promised nearly two years ago by former owner Roman Abramovich
2024-02-03,Putin casts the Ukraine conflict as a fight for Russia's survival as he seeks reelection
2024-01-31,Ukrainian Drones 'Destroy Russian Mercenaries’ in Sudan
2024-02-10,Ireland and Nato enter new agreement to counter Russia threat
2024-01-26,North Korea's Kim warns failure to provide food a 'serious political issue'
2024-01-30,Former Pakistan PM Imran Khan sentenced to 10 years’ jail for revealing state secrets
2024-02-13,France to impose travel bans on violent Israeli settlers
2024-02-06,Iran goes public with stark warning over suspected spy ship as U.S. refuses to rule out more strikes
2024-02-03,‘Incredibly rare’ discovery reveals bedbugs came to Britain with the Romans
2024-01-30,"‘Smoking gun proof’: fossil fuel industry knew of climate danger as early as 1954, documents show"
2024-02-13,"Putin to Skip Presidential Debates, Kremlin Says"
2024-02-15,Japan unexpectedly slips into a recession
2024-02-04,Iran Warns U.S. of Threat of Escalation After Strikes on Iran-Backed Targets
2024-02-04,Ukraine's latest defense corruption case goes after officials allegedly tied to deadly ammunition shortage
2024-01-25,France fines Amazon $35M for 'excessively intrusive' monitoring of warehouse staff
2024-02-08,"Bolsonaro named target in Brazil coup probe, ordered to surrender passport"
2024-02-15,"Egypt clearing land, building wall near Gaza border, satellite imagery shows"
2024-01-24,Argentina General strike: Milei to face first great challenge against reform push
2024-01-19,"The French government will temporarily ban almost all commercial fishing in the Bay of Biscay to protect dolphins, much to the dismay of the industry"
2024-02-16,Chun Ki-won: Hero pastor jailed for sexually abusing North Korea teenage escapees
2024-01-26,US halts funds for UNRWA over allegations staff involved in Hamas attacks on Israel
2024-02-07,"Doctors Without Borders: Darfur displaced in 'catastrophic' humanitarian conditions, one child is dying every two hours"
2024-02-16,"US and allies disrupt Russian cyber espionage operation against US and Europe, FBI chief says | CNN Politics"
2024-02-09,Kim Jong Un Says He Has Lawful Right to Destroy South Korea
2024-01-25,Zelenskyy on the downing of Il-76: Ukraine will insist on an international investigation
2024-02-07,"Some Russian Banks May Have Swapped Gold for Dollars, Report Says"
2024-01-28,"Guterres reveals new details of UNRWA probe: of 12 suspects 9 terminated, one dead"
2024-02-15,‘Dead’ Black Sea Fleet Commander Reportedly Sacked After Latest Naval Loss
2024-01-29,Preliminary report suggests enemy drone that killed US troops in Jordan was mistaken for a US drone
2024-01-26,Pakistan accuses Indian agents of two assassinations on its soil
2024-02-05,Medvedev doesn't hide Russia's plans to interfere in elections in the West
2024-01-30,Spain continues Palestinian funding amid controversy
2024-02-15,"Hamas rejects Israeli proposal to release 1,500 inmates for hostages"
2024-01-25,"For second day in a row, protesters block aid reaching Gaza from Israel"
2024-01-20,European orbiter may have discovered huge water deposits on Mars
2024-01-26,US ‘disappointed’ that Hungary taking so long to approve Sweden joining Nato
2024-02-15,US ‘aggressively investigating’ after two US teenagers killed in West Bank
2024-02-02,Iran Executes At Least 28 People In Ten Days As Executions Continue
2024-01-19,Brazil: Probe shows Bolsonaro faked his COVID vaccine record
2024-01-29,Those dying of hunger are idiots - Uganda minister - BBC News
2024-01-23,Hamas rejects Israel's cease-fire proposal - report
2024-02-09,European officials say Ukraine needs more aid to regain advantage over Russia
2024-02-03,"‘Guns now, pay later’ plan for cash-strapped Swiss army"
2024-01-27,Oil tanker on fire in Gulf of Aden after Houthi missile attack | CNN
2024-01-24,"Houthis order US, British nationals to leave Yemen"
2024-01-24,"“Supplying weapons to Ukraine is now not just our policy, but our duty.” Interview with UK Ambassador Martin Harris"
2024-01-22,Hamas releases propaganda doc denying Oct 7 atrocities
2024-02-10,Report: Egypt warns Israel Rafah offensive may lead to suspension of peace treaty
2024-02-11,Ukraine's missing children tracked down in Russia by digital sleuths
2024-02-08,Hezbollah military commander killed in Israeli drone strike in Lebanon
2024-02-04,"Hamas set to reject Gaza hostage, ceasefire deal, demand more prisoners - report"
2024-01-21,"Greenland losing 30m tonnes of ice an hour, study reveals"
2024-02-07,NATO allies warn Hungary not to hold up Sweden’s membership as US patience wears thin
2024-02-08,"WSJ Exclusive | Russian Intelligence Is Pushing False Claims of U.S. Biological Testing in Africa, U.S. Says"
2024-02-13,"Russia preparing for military confrontation with West, says Estonia"
2024-02-02,China tells Ukraine to remove its firms from 'sponsors of war' list
2024-02-05,Ukraine-born Miss Japan relinquishes crown following affair
2024-02-15,"‘Hamas is not a terrorist group,’ says UN Relief Chief Martin Griffiths"
2024-01-20,"In Lebanon, residents say strange calls can precede Israeli attacks"
2024-02-14,Putin Signs Law on Seizing Property of Ukraine War Critics
2024-02-09,"In shock result, allies of jailed ex-leader Imran Khan win most seats in Pakistan election"
2024-02-15,IDF kills Hamas commander who held murdered hostage in Gaza hospital
2024-02-15,Ukraine Sends More Troops to 'Extremely Critical' Avdiivka
2024-01-30,Military intelligence: Russia shows no intent to return bodies of POWs allegedly on crashed Il-76
2024-02-12,UNRWA chief rebuffs calls to resign over alleged Hamas links
2024-02-12,Israel bars entry to Italian UN official
2024-02-15,Helmets and Vests found in aid trucks to Gaza.
2024-01-23,Germany to provide Ukraine with military helicopters for the first time
2024-02-03,"China Introduces Strict Rules In Xinjiang On Islam, Other Religions"
2024-02-14,"People around the world have high levels of trust in scientists, and most want researchers to get more involved in policymaking, a global survey with more than 70,000 participants finds"
2024-02-13,Ukraine says Russia buying Starlink terminals in 'Arab countries'
2024-01-19,"Large demonstration against right-wing extremism with 80,000 participants in Hamburg premature closed due to overcrowding."
2024-02-03,"Dozens detained in Moscow at rally of Russian soldiers' wives, rights group says"
2024-01-27,Muslims and Jews in Bosnia observe Holocaust Remembrance Day and call for peace and dialogue
2024-01-25,"After Putin vowed ‘problems,’ Russia ends cross-border deal with Finland"
2024-02-10,Hungary president resigns amid uproar over her pardon of man convicted in child sex abuse case
2024-02-10,Italy takes aim at tourists with Airbnb crackdown and loudspeaker bans
2024-01-29,Details Emerge on U.N. Workers Accused of Aiding Hamas Raid
2024-01-23,Iran Hangs 23-Year-Old Involved in Mahsa Amini Protests
2024-02-14,First Lesbian Couple Registers Their Marriage In Nepal
2024-02-13,European leaders call for stronger defence ties after Trump’s Nato remarks
2024-01-25,Russian woman sentenced to 27 years over explosion that killed ultranationalist military blogger | CNN
2024-02-13,Zelenskyy calls for House vote on Ukraine aid
2024-01-26,"Ukrainian Politician Asks Zelensky to Disclose War Casualties, Claims Fewer Than 100,000"
2024-01-25,US secretly warned Iran before deadly ISIS suicide bombings - report
2024-02-05,Search engine Yandex owner to exit Russia in $5.2 bln deal
2024-02-04,"US declines to rule out hitting targets in Iran, Jake Sullivan says"
2024-02-08,"‘World is grateful': India keeps oil prices cheaper by buying from Russia, Indian oil minister says"
2024-02-08,"Bolsonaro and Allies Planned a Coup, Brazil Police Say"
2024-02-16,U.S. Official Says Iran's Revolutionary Guard Is 'Serving Side-By-Side' With Houthi Rebels In Yemen
2024-01-22,BBC News: US and UK launch fresh strikes on Houthis
2024-02-07,Pod of at least 10 killer whales appears trapped by sea ice in Japan
2024-02-07,Estonia Delivers $88 Million in ‘Long-Term’ Military Aid to Ukraine
2024-02-10,Sweden sends troops to NATO frontline as military gears up for membership
2024-01-25,Biden to deploy CIA director to help broker major Gaza deal
2024-01-27,"Canada suspends cash for UN agency serving Palestinians, amid probe into Hamas attack"
2024-02-14,Israel Says Wounded Al Jazeera Journalist A Hamas Militant
2024-01-23,Far-Right Convoy Groups Plan to Occupy Canadian Police Stations Until Government Officials are Arrested
2024-02-12,Canadian Russian pleads guilty to exporting technology to Russia
2024-02-09,Danish defence minister warns Russia could attack NATO in 3-5 years
2024-02-16,"Iran declares Antarctica its property in direct challenge to Biden, global treaty"
2024-02-06,Zelenskyy instructs Ukrainian Armed Forces to set up separate service branch of drone forces
2024-01-26,"ICJ asks Israel to prevent genocide, doesn't order end to Gaza war"
2024-01-30,Iraqi Hezbollah decides to suspend attacks on US troops
2024-01-26,Italy's leader denounces antisemitism; pro-Palestinian rally is moved from Holocaust Remembrance Day
2024-02-05,Georgia says it seized Russia-bound cargo of explosives sent from Ukraine
2024-02-04,US warns of further retaliation if Iran-backed militias continue their attacks
2024-02-14,"Russia can sustain war effort for ‘two or three years,’ finds defense study"
2024-01-27,U.S. war plans for Ukraine don’t foresee retaking lost territory
2024-01-24,"CIA continues online campaign to recruit Russian spies, citing successes"
2024-02-15,Spanish citizens feel ‘abandoned’ after 10 months without clean water
2024-01-21,Swiss chocolate maker Barry Callebaut added to Ukraine's ‘sponsors of war’ blacklist
2024-02-12,Palestinian released in ceasefire caught trying to sneak into Israel
2024-02-08,"Killer whale pod trapped by sea ice in Japan has seemingly escaped, local official says"
2024-01-24,Germany cracks down on 'pro-life' protests
2024-02-01,"Netanyahu tells UN envoys UNRWA is ‘totally infiltrated’ by Hamas, must be replaced"
2024-02-05,El Salvador President Bukele poised for a landslide as polls close
2024-01-21,EU's top diplomat: Palestinian state may need to be imposed on Israel from outside
2024-02-07,Russia attacks Kharkiv with North Korean missiles
2024-01-23,Russians Queue To Register Candidate Opposed To Ukraine Offensive
2024-02-11,"Israeli poll: Gantz holds lead over Netanyahu, public wants election - Israel Politics"
2024-02-05,Six US-backed Kurdish fighters killed in drone attack on US base in Syria
2024-01-29,"Ancient rainforest to be restored in Devon, with 100,000 trees planted this winter"
2024-01-27,US approves F-16 fighter jet sale to Turkey worth $23bn
2024-02-02,Belgium summons Israeli ambassador after its building in Gaza is bombed
2024-02-13,Israel releases video apparently showing Hamas leader Sinwar in tunnel
2024-02-16,ICJ rejects request to prevent Israeli operation in Rafah
2024-02-07,Kenyan doomsday cult leader charged with murder of 191 children
2024-01-30,Foreign-born residents in Japan sue the government for alleged racial profiling
2024-02-12,"NATO Can't Be 'A La Carte,' Borrell Says"
2024-02-15,Top European rights court upholds Belgian ban on kosher slaughter
2024-02-07,Saudi Arabia tells US that Palestinian state necessary for relations with Israel
2024-02-14,Putin's Black Sea fleet 'suffers fresh blow with large landing ship hit' by Ukrainian sea drones
2024-02-10,"US aid ‘indispensable’ for defense of Ukraine, Scholz says"
2024-02-01,"Climate activist Greta Thunberg goes on trial in London for blocking oil and gas conference: Thunberg was among more than two dozen protesters arrested on Oct. 17 after preventing access to a hotel during the Energy Intelligence Forum, attended by the industry’s top executives"
2024-02-07,"Almost every Gaza home has tunnel shafts, IDF commander says"
2024-02-17,"Germany’s Scholz commits to spending 2% on defense ‘in the 2020s, in the 2030s and beyond’"
2024-01-25,Israel Tries to Rebut Genocide Charge by Declassifying Cabinet Decisions
2024-02-15,Estonia Says Russia Is Preparing For A Military Confrontation With The West
2024-01-27,Paris accuses Russia of waging disinformation campaign against France
2024-01-27,Jade mask discovered in pyramid tomb of Maya King
2024-02-16,Israel blasts top UN aid official after he says ‘Hamas is not a terrorist group for us’
2024-02-10,Ukraine PM says Japanese companies can play big role in war recovery
2024-01-28,"UK says it has ‘considerable concerns’ about ICJ ruling, rejects genocide accusation"
2024-02-09,US approves $1.2 billion sale of military airships to Poland
2024-02-06,Category six hurricane rating proposed as study warns of 'more intense' weather caused by climate change
2024-01-25,Sixty-one women in Iran prison begin hunger strike after Amini protester executed
2024-01-27,Gunmen in Iran kill nine Pakistanis days after tit-for-tat strikes
2024-02-04,Houthis vow more Red Sea attacks after third wave of US-UK strikes on Yemen
2024-02-07,Israel kills head of Hamas police's special forces in Rafah
2024-02-12,"Dozens of civilians killed by Ethiopian state troops in Amhara region, say reports"
2024-02-06,Lukashenko allowed the army to shoot at civilians - decree
2024-01-31,Ukraine terror case against Russia largely rejected by ICJ
2024-01-19,EU's top diplomat: Palestinian state may need to be imposed on Israel from outside
2024-01-31,Iran threatens to respond to any US strikes as Biden weighs how to react to a base attack in Jordan
2024-01-20,Houthis claim they don’t seek to attack ships beyond those tied to Israel
2024-02-06,EU Leaders Call on ‘Full Ban’ of Forever Chemicals After Testing Positive for Cancerous Pollutants
2024-01-30,Iraq's Kataib Hezbollah suspends attacks on US forces -statement
2024-02-15,Gazan journalist says Hamas uses civilians as human shields
2024-02-01,Putin ally arrested in London on charge of breaching Russian sanctions
2024-01-19,"Baltic countries to build defenses on Russian, Belarusian borders"
2024-02-13,Angry farmer protests are spreading across Europe — and getting results
2024-02-11,"Venezuela defends military buildup, accusing neighboring Guyana of granting illegal oil contracts"
2024-02-11,"China, Russia and Iran 'attempting to illegally acquire' US technology, top DHS official says - ABC News"
2024-02-06,Russia sees sabotage of its ''elections'' in Baltic States and resorts to threats
2024-02-04,"Israel pulled out of Soleimani hit because Netanyahu 'got cold feet,' source says"
2024-02-15,Zelnskyy Signs Law Legalizing Medical Marijuana in Ukraine
2024-02-14,"Northern Israel: 1 dead, 8 wounded following rocket barrage - I24NEWS"
2024-02-17,"Russia attempting to develop nuclear space weapon to destroy satellites with massive energy wave, sources familiar with intel say"
2024-01-23,Russia uses new tactic to bomb Ukraine and overcome its air defenses
2024-02-13,Victims of October 7 demand declaration of UNRWA as terror group
2024-02-08,Burning Alive in Myanmar: Two Resistance Fighters Executed in Public
2024-02-05,Germany launches major 4-day workweek trial amid labour shortage
2024-01-22,"The World’s Largest Cruise Ship Is a Climate Liability | As massive ships like Royal Caribbean’s Icon of the Seas tack on more energy-intensive amenities, emissions from the cruise industry are climbing."
2024-02-06,"Plan for Europe's huge new particle collider takes shape: Running under France and Switzerland, it would be more than triple the length of CERN's Large Hadron Collider"
2024-02-11,HMS Prince of Wales fails to depart for Nato exercises - BBC News
2024-02-03,ICJ rejects Russia’s claim that Ukraine’s Genocide Convention case against it is 'abuse of process'
2024-01-22,France ramps up weapons production for Ukraine and says Russia is scrutinizing the West's mettle
2024-02-12,Turkmenistan Conducting Virginity Tests To 'Evaluate Teenagers' Morality'
2024-01-29,B.C. Hells Angel charged in plot to assassinate Iranian dissidents
2024-02-09,Ukraine accuses Russia of intensifying chemical attacks on the battlefield
2024-02-06,Lebanon rejects proposal for Hezbollah withdrawal from Israeli border ignoring UN Resolution 1701
2024-02-07,"Sweden ends Nord Stream sabotage probe, hands evidence to Germany"
2024-02-13,"Yemen's Houthi rebels fire missiles at ship bound for Iran, their main supporter"
2024-02-06,Former Chilean president Sebastian Pinera dies in helicopter crash
2024-01-26,EU threatens to silence Hungary if it blocks Ukrainian funds - Leaders may consider invoking the “nuclear option” of kicking Hungarian PM Viktor Orbán out of the EU voting process.
2024-01-31,Armenia formally joins international criminal court in snub to Russia
2024-01-24,"Japan allows women to participate in ’naked man’ festival for first time in its 1,250-year history"
2024-02-17,"Hamas suspends Gaza ceasefire, hostage deal negotiations with Israel"
2024-02-03,"U.S. Slaps Sanctions On Iranian Firms, Individuals Involved In Drones, Revolutionary Guard"
2024-01-27,Germany's Scholz says dark neo-Nazi networks are on the rise
2024-01-27,Australia pauses UN agency funding as staff investigated for suspected role in 7 October attack on Israel
2024-01-24,"Prisoner swap was to take place on 24 January, it is not happening at the moment – Defence Intelligence"
2024-01-31,US announces plans to reimpose oil sanctions on Venezuela
2024-01-29,'A blood libel': Israeli President Herzog says ICJ 'twisted my words' to support 'unfounded' contention
2024-02-09,"Ukrainian general wants Canada’s 83,000 decommissioned rockets"
2024-02-14,Kremlin denies Reuters report that Putin offered a ceasefire in Ukraine
2024-02-03,Northern Ireland elects first-ever Irish nationalist leader
2024-02-13,Global military spending hits record $2.2 trillion amid multiple wars
2024-02-16,Ukrainian intelligence knows who poisoned spy chief's wife and hints at countermeasures in Russia
2024-02-11,Japan to pledge $106 mln in aid to Ukraine -Kyodo News
2024-01-25,Mexico has announced 20 new protected areas covering 5.7 million acres across its terrestrial and marine territories
2024-01-20,Activists descend on Putin campaign office to demand demobilisation
2024-01-24,Belgian Defence to provide 611 million euros in military aid for Ukraine this year. The money comes from interest on frozen Russian assets.
2024-01-31,"Malian army and Russian Wagner group execute 25 ethnic Fulana people, including children, in Welingara village, according to Radio France Internationale local sources"
2024-01-25,Turkey’s Erdoğan signs off on Sweden’s NATO bid
2024-02-05,Far-right Israeli minister's criticism of Biden and support for Trump draws local backlash
2024-01-28,Pakistan accuses India of extrajudicial killings on its territory
2024-01-27,Germans hold anti-right rallies on Holocaust Remembrance day: Several states saw hundreds of thousands of protesters return to the streets against far-right extremism
2024-02-01,Japan removes monument for Korean forced labor victims despite criticism
2024-01-24,Israel Says Hamas Gets Online Donations Via Groups Posing as Gaza Charities
2024-02-03,"Over 100,000 people gather in Berlin for latest rally against far-right AfD party"
2024-01-27,Russian commanders face prosecution for starving Mariupol in first-of-its-kind case
2024-02-04,Iran denies that it seeks nuclear weapons and begins construction of four new nuclear plants
2024-02-12,"Revealed: the 1,200 big methane leaks from waste dumps trashing the planet"
2024-02-01,Russian Citizen Collaborating With Ukrainian Partisans Sabotages Missile Transport Railway
2024-01-23,"NATO signs twin artillery deals worth $1.2B to replenish allies' stocks, help Ukraine"
2024-02-14,"NY Times: Tunnel under Al-Shifa Hospital used by Hamas ‘for cover, weapons storage’"
2024-01-25,"Canadian tar sands pollution is up to 6,300% higher than reported, study finds | Tar sands"
2024-01-24,Germany Eyes Cannabis Legalization by April
2024-02-02,Women in Turkey win right to keep surnames after marriage
2024-02-05,Canada extends ban on foreign ownership of housing by two years
2024-02-01,New US-made longer-range bomb expected to arrive as soon as Wednesday in Ukraine
2024-01-26,Norwegian minister resigns over plagiarism — after launching plagiarism crackdown
2024-01-19,The winner of a prestigious Japanese literary award has confirmed AI helped write her book
2024-02-02,Armenia can no longer rely on Russia for military and defence needs - PM Pashinyan
2024-01-25,"Russia's top diplomat accuses US, South Korea and Japan of preparing for war with North Korea"
2024-01-30,Kremlin Now Going After Famed Anti-Putin Rockers—in Thailand
2024-01-20,"Iran blames Israel for deadly strike in Damascus, says it 'reserves right to respond'"
2024-01-20,Netanyahu told Biden in private phone call he was not foreclosing the possibility of a Palestinian state in any form
2024-02-08,Russia bans anti-war campaigner Boris Nadezhdin from running against Putin
2024-01-22,Tobacco use declining despite industry interference: WHO
2024-01-20,"Insurers Seek to Exclude US, UK Ships From Red Sea Coverage"
2024-02-17,"Ukraine war: 'Artificial shortage' of weapons helps Putin, says Zelensky"
2024-02-05,Ukraine’s Armed Forces report success near Klishchiivka
2024-01-24,"Russia’s Putin to visit North Korea soon, state media says"
2024-02-06,Latvia reintroduces conscription to deter Russia from invading Europe
2024-01-22,"Baltics agree on common defence line on Russia, Belarus borders"
2024-01-29,Islamic State claims responsibility for deadly shooting at Istanbul church
2024-01-25,Hungary parliament speaker sees 'no urgency' in voting on Sweden's NATO accession
2024-02-12,Houthis Claim Missile Strike On ‘American Ship’ In Red Sea—But U.K. Navy Says Cargo Ship Received Minor Damages
2024-02-08,"Ukrainian combat robot controlled by UAV engages Russian positions, first time in warfare history"
2024-01-28,Finland goes to the polls as border tensions with Russia rise
2024-01-21,"As Houthis vow to fight on, U.S. prepares for sustained campaign"
2024-02-04,"Bird flu found in penguins near Antarctica, 200 chicks dead"
2024-01-22,Germany considers recruiting foreigners to army in face of Russian menace
2024-01-29,"Farmers encircle Paris with tractor barricades, vowing ‘siege’ over grievances"
2024-01-24,The UN refugee chief says that he's worried that the war in Ukraine is being forgotten
2024-02-17,Parts of Australia to soar over 50 degrees as heatwave grips state
2024-01-21,Shapps 'disappointed' by Netanyahu opposition to Palestinian state
2024-02-15,"Ukraine withdraws units from parts of Avdiivka, sends in crack brigade | Reuters"
2024-02-09,"Pakistan in turmoil as Imran Khan leads election vote, despite being in jail"
2024-02-04,Russia and China compare notes on ‘military use of artificial intelligence’
2024-01-29,Police raid mansion of Jair Bolsonaro’s son as part of spying investigation
2024-02-09,Xi Tells Putin That Both Nations Need to Oppose Foreign Meddling
2024-02-07,"/r/WorldNews Live Thread: Russian Invasion of Ukraine Day 714, Part 1 (Thread #860)"
2024-02-02,Turkish intelligence arrests several with 'ties to Mossad'
2024-02-01,"/r/WorldNews Live Thread: Russian Invasion of Ukraine Day 708, Part 1 (Thread #854)"
2024-02-12,Germany starts work on ammo factory to counter new threats
2024-02-06,"/r/WorldNews Live Thread: Russian Invasion of Ukraine Day 713, Part 1 (Thread #859)"
2024-02-15,IDF investigation: At least 10 hostages held in Khan Younis hospital
2024-02-09,"PM says IDF must operate in Rafah, but will let civilians evacuate first"
2024-01-22,"/r/WorldNews Live Thread: Russian Invasion of Ukraine Day 698, Part 1 (Thread #844)"
2024-01-29,EU will force cosmetic companies to pay to reduce microplastic pollution
2024-02-11,"Fate of Avdiivka uncertain as Ukrainian forces defending it struggle with fortifications, resources"
2024-02-06,Toppling of one memorial to Korean forced laborers spawns call by Japanese lawmaker for more to come down
2024-01-23,Iran Enforces Nationwide Bread Rations
2024-02-04,"Japan, U.S., South Korea Swiftly Share Radar Info for First Time, Letting Japan Track North Korean Missile More Quickly"
2024-02-08,Zelenskiy Says Time for Renewed Leadership of Armed Forces
2024-02-05,"/r/WorldNews Live Thread: Russian Invasion of Ukraine Day 712, Part 1 (Thread #858)"
2024-02-09,Putin signals he's open to prisoner swap for Wall Street Journal reporter Evan Gershkovich's release
2024-01-30,"/r/WorldNews Live Thread: Russian Invasion of Ukraine Day 706, Part 1 (Thread #852)"
2024-01-24,"/r/WorldNews Live Thread: Russian Invasion of Ukraine Day 700, Part 1 (Thread #846)"
2024-02-04,"/r/WorldNews Live Thread: Russian Invasion of Ukraine Day 711, Part 1 (Thread #857)"
2024-01-28,"/r/WorldNews Live Thread: Russian Invasion of Ukraine Day 704, Part 1 (Thread #850)"
2024-01-21,"/r/WorldNews Live Thread: Russian Invasion of Ukraine Day 697, Part 1 (Thread #843)"
2024-02-17,For the first time ever. U.S. handed over confiscated Russian assets to Estonia to help Ukraine
2024-02-14,"/r/WorldNews Live Thread: Russian Invasion of Ukraine Day 721, Part 1 (Thread #867)"
2024-01-23,"/r/WorldNews Live Thread: Russian Invasion of Ukraine Day 699, Part 1 (Thread #845)"
2024-01-19,"/r/WorldNews Live Thread: Russian Invasion of Ukraine Day 695, Part 1 (Thread #841)"
2024-02-08,Russian anti-war Putin rival Nadezhdin plans Supreme Court appeal after election ban
2024-02-02,"/r/WorldNews Live Thread: Russian Invasion of Ukraine Day 709, Part 1 (Thread #855)"
2024-01-25,"/r/WorldNews Live Thread: Russian Invasion of Ukraine Day 701, Part 1 (Thread #847)"
2024-02-12,"/r/WorldNews Live Thread: Russian Invasion of Ukraine Day 719, Part 1 (Thread #865)"
2024-01-25,U.K. walks away from trade talks with Canada
2024-02-02,Iranian Revolutionary Guard Adviser Killed in Alleged Israeli Strike on Damascus
2024-01-30,"Putin's income declaration published in Russia: he earned almost US$750,000 in six years"
2024-01-20,German lawmakers pass bill seeking faster deportations
2024-02-03,Germany launches major 4-day workweek trial amid labour shortage
2024-01-22,"Taliban restricting unmarried women’s access to work and travel, UN report says"
2024-02-04,Canada to sanction West Bank settlers and Hamas leaders
2024-02-01,"Iran pulls out senior IRGC officers, dozens more from Syria - report - I24NEWS"
2024-02-10,Moroccan hash dealers boycott Israeli drug smugglers in support of Gaza
2024-01-26,"/r/WorldNews Live Thread: Russian Invasion of Ukraine Day 702, Part 1 (Thread #848)"
2024-02-08,"/r/WorldNews Live Thread: Russian Invasion of Ukraine Day 715, Part 1 (Thread #861)"
2024-02-16,"/r/WorldNews Live Thread: Russian Invasion of Ukraine Day 723, Part 1 (Thread #869)"
2024-02-15,"Backdoors that let cops decrypt messages violate human rights, EU court says"
2024-01-23,Sweden declines Orbán’s push for NATO negotiations
2024-01-20,"/r/WorldNews Live Thread: Russian Invasion of Ukraine Day 696, Part 1 (Thread #842)"
2024-01-29,"/r/WorldNews Live Thread: Russian Invasion of Ukraine Day 705, Part 1 (Thread #851)"
2024-02-09,Crisis builds around Hungary's president after she issued a pardon in a child sexual abuse case
2024-02-03,"/r/WorldNews Live Thread: Russian Invasion of Ukraine Day 710, Part 1 (Thread #856)"
2024-02-12,Israel to act on soldier misconduct after BBC investigation
2024-02-06,Hamas tunnel replica installed in front of the UN in Geneva
2024-01-19,Viktor Orbán: No Money in the World to Force us Accepting Migrants or LGBTQ Propaganda
2024-02-10,"/r/WorldNews Live Thread: Russian Invasion of Ukraine Day 717, Part 1 (Thread #863)"
2024-02-07,"Facing harsh economic realities, more Korean couples saying 'I don't'"
2024-02-13,"/r/WorldNews Live Thread: Russian Invasion of Ukraine Day 720, Part 1 (Thread #866)"
2024-02-02,Ukraine support package worth €50bn agreed by EU leaders
2024-02-09,"/r/WorldNews Live Thread: Russian Invasion of Ukraine Day 716, Part 1 (Thread #862)"
2024-02-08,Iranian Finger Amputations Continue Against International Law
2024-02-09,Pentagon and SpaceX respond to reports of Russia using Starlink
2024-02-16,Netanyahu rejects unilateral Palestinian statehood after Biden call
2024-02-15,"/r/WorldNews Live Thread: Russian Invasion of Ukraine Day 722, Part 1 (Thread #868)"
2024-02-13,ICC Prosecutor threatens Israel with war crimes scrutiny if it invades Rafah
2024-02-09,"Malaysia's top court invalidates state's Islam-based laws on incest, sodomy and other offenses"
2024-01-29,Reaction to drone strike on US troops in Jordan
2024-01-31,"/r/WorldNews Live Thread: Russian Invasion of Ukraine Day 707, Part 1 (Thread #853)"
2024-01-21,Six people missing after private jet crashes in Afghanistan
2024-01-27,"/r/WorldNews Live Thread: Russian Invasion of Ukraine Day 703, Part 1 (Thread #849)"
2024-02-06,Russia buys bananas from India after Ecuador military hardware spat
2024-02-06,"Ukraine's Donetsk region pounded by up to 2,500 Russian strikes daily - governor"
2024-02-15,Japan loses crown as world’s third-largest economy after it slips into recession
2024-02-13,A new report says the world faces a ‘dangerous decade’ as instability and military spending rise
2024-01-20,"Number of North Korean defectors nearly triples in 2023, including ‘elite’ diplomats, South Korea says"
2024-02-09,"US, Qatar working to expel Hamas from Doha"
2024-01-20,US personnel suffer minor injuries in Iraq base attack - US official
2024-02-03,"Germany's coalition government reaches final deal on marijuana legalization bill, with vote set for this month"
2024-01-21,Crackdown On Hijab Intensifies In Iran
2024-01-24,Top German court strips financing of extreme-right party
2024-02-04,Nepal pitches itself as queer-friendly destination in bid to grow ‘pink economy’
2024-02-11,Japan allocates US$106 million to aid for Ukraine
2024-02-17,"/r/WorldNews Live Thread: Russian Invasion of Ukraine Day 724, Part 1 (Thread #870)"
2024-02-08,"Found in Gaza: Iranian envelopes stuffed with cash, bearing Sinwar's name - I24NEWS"
2024-01-30,NATO chief: Support for Ukraine 'not charity'
2024-02-11,"/r/WorldNews Live Thread: Russian Invasion of Ukraine Day 718, Part 1 (Thread #864)"
2024-01-28,Ukraine to start building 4 new nuclear reactors this year
2024-02-06,Germany urges Orbán to ratify Sweden’s NATO bid as ‘a matter of loyalty’
2024-02-16,Swedish minister reaffirms willingness to send jets to Ukraine after finalizing NATO bid
2024-02-08,Front-line Ukrainian infantry units report acute shortage of soldiers
2024-02-07,Latvia to reinstate compulsory military service amid Russia’s war on Ukraine
2024-01-30,US disabled Chinese hacking network targeting critical infrastructure
2024-02-02,Reports of drug money in Mexican politics shake up relations with US
2024-02-08,Global temperatures breach 1.5C limit for 12 consecutive months
2024-01-20,Two Royal Navy ships collide off coast of Bahrain
2024-02-10,China’s Xi calls for stronger ‘strategic coordination’ with Russia in Lunar New Year call with Putin | CNN
2024-01-21,Germany sees second day of large anti far-right protests – DW
2024-02-05,"Italy will become a target should it join attacks against Yemen, Houthi leader says"
2024-01-21,Russia suspends operations at fuel export terminal after suspected Ukrainian drone attack
2024-02-05,Orbán’s party boycotts a session of Hungary’s parliament to further stall Sweden’s bid to join NATO
2024-01-31,Boris Nadezhdin: Putin challenger submits bid to run for Russian president
2024-01-21,Russian charter flight with 6 people disappears over Afghanistan; crash reported
2024-02-04,US and UK launch new attacks on Houthis in Yemen
2024-01-19,DragonFire laser: MoD tests weapon as low-cost alternative to missiles - BBC News
2024-01-30,Russia Hires Its Own Africa Army to Succeed Wagner’s Mercenaries
2024-02-13,Russia puts leader of NATO member Estonia on wanted list over removal of Soviet-era monuments
2024-02-07,End of nuclear secrecy? Underground tests now '99% detectable'
2024-01-24,Huge rogue waves smash into remote US military base in Pacific | CNN
2024-01-24,Russia Denies Deporting Ukrainian Children But Admits Hundreds Of Thousands Are On Its Territory
2024-01-22,US Navy's Mideast chief says Iran 'very directly involved' in Houthi attacks on ships
2024-01-24,"'Heavily armed' man fired shots, threw Molotov cocktail in Edmonton city hall: chief"
2024-01-29,Saudi Arabia condemns terrorist attack on US military base in Jordan
2024-01-27,Thousands of people in Kenya took to the streets on Saturday across the country to decry the recent murders of more than a dozen women. The anti-femicide protests were the largest ever held against sexual and gender-based violence in the eastern African country
2024-01-21,Netanyahu: We reject ‘outright’ Hamas demands for hostage deal
2024-02-07,Brussels launches legal action against Hungary's controversial 'sovereignty law'
2024-02-12,"Hottest January on record sees the world reach 1.7°C warming mark | January was the hottest on record, at 1.7°C above the pre-industrial average for the month. This means there has been a 12-month period in which average global surface temperature was more than 1.5°C above the 1850 to 1900 average"
2024-01-26,Media: Russian convict recruits no longer receive pardons for fighting in Ukraine
2024-02-15,"Iran-backed Houthi rebels are seizing on the Israel-Hamas war to recruit more child soldiers, watchdog reports"
2024-01-27,Three arrested for exporting military goods to Russia
2024-01-25,Russia fires genetics institute head who claimed humans once lived for 900 years
2024-01-30,Ethiopia to ban importation of non-electric cars
2024-01-30,Iranian Drug Dealer Hired Hells Angels for US Assassination: Court Docs
2024-02-04,"Kremlin foe Navalny urges election day protests in Russia next month by voting at a specific hour, noon on March 17."
2024-02-17,"Kremlin runs disinformation campaign to undermine Zelensky, documents show"
2024-02-07,US set to overtake China as Germany's top trade partner -DIHK
2024-02-06,Israel tells families of 31 hostages their relatives are dead as Hamas mulls truce deal
2024-02-09,Kremlin Refuses to Say If Berlin Park Hitman Was Russian Agent
2024-01-27,Thousands across Austria take part in protests against far right
2024-01-29,Japan: Moon lander Slim comes back to life and resumes mission
2024-02-05,Pigeon detained on suspicion of spying released after eight months
2024-01-26,Gustav Klimt portrait found after almost 100 years
2024-02-09,Whereabouts of 8 abducted Ukrainian kids traced in hackathon organized by Dutch police
2024-02-01,Russia hands out first convictions in connection with anti-LGBT law
2024-01-31,Putin challenger submits bid to run in Russian election – DW
2024-02-11,Finland votes: Stubb wins presidency
2024-01-19,Trudeau pushes back after Netanyahu again rejects two-state solution
2024-01-22,Russia Moves to Seize Assets From Critics of Its War in Ukraine
2024-01-23,Mexico demands investigation into US military-grade weapons being used by drug cartels
2024-01-25,Apple to allow EU customers to download apps without using App Store
2024-02-11,Biden warns Netanyahu against Rafah operation without ‘credible’ safety plan
2024-02-04,Russian cosmonaut sets record for most time in space - more than 878 days
2024-01-30,US Open to Turkey F-35 Talks If Dispute Over Russian Air Defenses Is Resolved
2024-01-25,Children work in chocolate maker Lindt’s supply chain in Ghana
2024-02-10,The families of a few Israeli hostages don't want a deal to bring them home. They want Hamas crushed
2024-01-20,"Foreign interference inquiry will be 'deeply uncomfortable' for Beijing, Canada's ambassador to China says"
2024-02-01,Kremlin Goes After Russians Abroad Who Criticize Putin’s War
2024-02-02,"Poland wants “broadest possible EU sanctions” against Russia, says Prime Minister Tusk"
2024-01-31,Germany warns EU falling short on pledge to supply Ukraine with ammo
2024-01-28,'Zombie fires' are burning even in the winter amid Canada's record-setting fire season
2024-01-31,Israel tasks military to distribute aid directly to citizens in Gaza - report - I24NEWS
2024-02-02,EU agrees new law granting consumers a ‘right to repair’ products
2024-02-14,Families of Gaza hostages head to ICC to file charges against Hamas
2024-02-05,Ancient sea sponges at centre of controversial claim world has already warmed by 1.7C
2024-02-16,"Ebola vaccine halves the chance of dying from the disease, says new study"
2024-02-16,Macron says recognizing a Palestinian state 'not a taboo' for France
2024-02-14,US government guarantees EU’s gas supply: ‘We have more than adequate capacity to cover their needs’
2024-01-23,Orban invites Swedish PM for NATO talks/Swedish Foreign Minister:'No Reason To Negotiate' With Hungary On NATO Bid
2024-01-23,New Zealand to deploy forces to the red sea to assist in fight against Houthis
2024-01-19,"‘It’s the work of that war criminal Putin’: Kharkiv reels under Russian missiles Kharkiv, only 25 miles from Russia, has been under constant attack since the start of the war in Ukraine. Now fragments of rockets from North Korea are being found among the debris"
2024-01-26,"In Hong Kong, decades of wealth gains evaporate on China’s watch"
2024-01-26,State of emergency declared in Russia’s Novosibirsk after third major heating system accident in recent days
2024-02-13,France accuses Russia of a disinformation campaign in a key election year
2024-02-02,Suspected Israeli airstrikes hit Iranian targets near Damascus - report - I24NEWS
2024-01-28,Germany: The AFD lost a district vote despite its candidate having a large lead two weeks ago. AfD has been the target of massive protests of late after a damning expose was published about its plans for deporting immigrants.
2024-01-21,At least 27 people are reported killed in an attack on Donetsk in Russian-occupied Ukraine
2024-02-01,"Hamas gives initial approval for Gaza ceasefire, hostage deal - Qatar"
2024-02-15,France and Ukraine to sign a security agreement in Paris in the presence of President Zelenskyy
2024-01-30,"As Europe's armies brace for war, allies call on Canada and others to catch up"
2024-01-27,UNRWA claims: UN agency condemns aid halt over alleged help for Hamas attacks
2024-02-10,Australia to invest a further $260m on next-generation military drones
2024-02-17,Houthi attacks in Red Sea having a ‘catastrophic’ effect on aid to Sudan
2024-02-10,"North Korea welcomes Russian tourists, the first to visit since the pandemic"
2024-02-04,Germany sees surprising resurgence of trade unions
2024-01-19,Man jailed for record 50 years for criticising Thai monarchy | Thailand
2024-01-31,"Ethiopia hails return of its first plane, stolen by Mussolini in 1930s"
2024-02-16,Iran Navy’s Plan To Establish A Military Presence In Antarctica Sparks Global Concerns
2024-02-16,"Ukraine's Zelenskiy heads to Berlin, Paris to drum up wartime aid"
2024-01-23,"“Nothing more important than supporting Ukraine,” says Polish Prime Minister Tusk on Kyiv visit"
2024-02-07,Long-lost stained glass masterpiece discovered in Vilnius strip club
2024-02-16,Zelensky signs law legalizing medical cannabis
2024-02-14,"Two Chinese fishermen die after chase with Taiwan's Coast Guard, which alleges trespassing"
2024-02-11,Duolingo referred to Russia’s media watchdog over ‘LGBT propaganda’
2024-01-27,UK ‘reserves right to respond’ after oil tanker set alight off Yemen
2024-01-26,Bloomberg: Hungary no longer opposes EU military fund for Ukraine at €5 billion
2024-01-22,A New Concern on the Ukrainian Battlefield: North Korea’s Latest Missiles
2024-02-15,Stoltenberg: Ukraine to receive 1 million drones from allies in 2024
2024-02-09,"Irish unification referendum by 2030, Sinn Fein leader tells Sky News"
2024-02-13,Canada: second Sikh activist’s house hit by gunfire this month
2024-01-20,Russian Parliament To Consider Seizing Property Of Citizens Who Criticize War Against Ukraine
2024-02-16,"Iran’s Revolutionary Guard On The Ground In Yemen To Assist Houthis, U.S. Official Says"
2024-01-29,Arab officials held secret meeting to discuss plans for post-war Gaza
2024-02-15,Greece Legalizes Same-sex Marriage and Adoption
2024-02-12,"World temperatures go above 1.5 C warming threshold for a year: climate scientists | For the first time on record, global warming has exceeded temperatures of 1.5 C over a 12-month period, European Union climate scientists reported this week."
2024-02-07,Belgium bans import of hunting trophies from endangered species
2024-02-16,Russia tightens the noose on Ukraine's city of Avdiivka where outnumbered defenders are holding out
2024-02-13,Climate experts sound alarm over thriving plant life at Greenland ice sheet
2024-02-16,970-metre-long prehistoric megastructure found submerged in Baltic Sea
2024-02-09,"Tax Western firms doing business in Russia to help Ukraine, says EU commissioner"
2024-01-22,Hundreds of homes and businesses in Northern Ireland used as company addresses by Chinese nationals involved in alleged VAT fraud
2024-02-10,Israeli strikes kill 44 Palestinians in Rafah after Netanyahu warns of ground invasion
2024-02-12,"Ukraine to produce thousands of long-range drones in 2024, minister says"
2024-02-04,First UK patients receive experimental messenger RNA cancer therapy
2024-02-05,Philippines says it is ready to use force to quell secession attempts as Duterte row deepens
2024-01-29,Iranian officials sanctioned after ITV News reveals plot to kill UK journalists
2024-01-26,"Suez Canal traffic has dropped 42% since Houthi attacks, according to UN"
2024-01-29,Spain Extends Probe into Russian Involvement in Catalonian Independence Plans
2024-01-28,"North Korea fires cruise missiles off east coast, says South Korea"
2024-02-06,AI unlocks ancient text owned by Caesar's family
2024-01-26,Ukraine willing to move part of drone production to Lithuania
2024-01-19,U.S. wants Japanese shipyards to help keep warships ready to fight in Asia
2024-01-19,Surge in measles cases prompts UK to declare national health incident
2024-01-31,Russian lawmakers approve confiscating the assets of citizens who discredit the army
2024-02-05,A drone attack on the largest US military base in Syria has killed at least six allied Kurdish-led fighters
2024-02-14,"Russia may double forces on NATO borders, Estonia warns"
2024-01-29,Iran denies involvement in drone strike that killed three US troops
2024-02-14,Pro-Palestinian protestors removed from Parliament after interrupting proceedings
2024-02-10,Burning Alive in Myanmar: Two Resistance Fighters Executed in Public
2024-01-31,Twelve tankers stranded with unsold Russian oil as sanctions enforcement limits sales
2024-01-22,UK sends UN experts photographs of North Korean shipments to Russia
2024-02-02,"While the World Looks Elsewhere, Iran Hurries Executions"
2024-01-23,"US stages retaliatory airstrikes against Iran-backed militias in Iraq, officials say"
2024-01-23,"Japan, US agree to maintain sanctions on Russia, support Ukraine"
2024-02-16,Israel finds boxes of medicine intended for Gaza hostages in hospital
2024-02-08,Russian ambassador irritated by Romania's conflict-readiness preparations
2024-01-23,"South China Sea: Filipino fisherman tells Chinese ship ‘go away’ from disputed shoal, ‘this is not your territory’"
2024-02-16,Climate experts sound alarm over thriving plant life at Greenland ice sheet
2024-01-28,Beauty giant Avon under fire over Russia links - BBC News
2024-01-20,Mines 'Back in Place' at Ukraine Nuclear Power Plant: IAEA
2024-02-07,India’s plan for untouched Nicobar isles will be ‘death sentence’ for isolated tribe
2024-01-20,EU’s top diplomat accuses Israel of funding Hamas
2024-02-14,Britain's tea supply facing disruption from Red Sea crisis
2024-01-28,Arab Intelligence warns Hezbollah of potential Israeli operation in Lebanon: LBCI’s sources
2024-02-13,Hezbollah chief says won’t stop shelling north until Israel ends Gaza ‘aggression’
2024-01-24,"Israel’s UN envoy swats back at Russia, pointing to Iranian drones in Ukraine"
2024-01-20,Israeli strike on Damascus kills Iranian Guards official -source
2024-02-04,"US intends further strikes on Iran-backed groups, national security adviser says"
2024-02-12,Thousands of UK Deliveroo and Uber Eats drivers to strike on Valentine’s Day
2024-02-08,Cyber-attack by Ukrainian Defence Intelligence: large-scale failure of Russian drone control program occurs
2024-01-27,Houthi attack: Navy sends INS Visakhapatnam to help burning vessel with 22 Indians on board in Gulf of Aden
2024-01-22,UN panel to grill Russia on fate of thousands of ‘evacuated’ Ukrainian children
2024-01-31,Russia Ukraine war: ICJ finds Moscow violated international treaties
2024-02-16,"Drones, armored vehicles and ammunition: Germany has sent another batch of military aid to Ukraine"
2024-02-02,"New planets have flattened shapes 'like Smarties', study finds"
2024-02-02,"Indian Navy foils another piracy attempt near Somalia coast, rescues crew of Iranians and Pakistanis"
2024-01-21,"Red Sea 'scary' for ships' crews, says captain"
2024-01-21,"S. Korea sees N.K.'s claimed test of underwater nuclear attack drone as 'exaggerated, fabricated'"
2024-02-01,Germany: Scholz calls for joint opposition against far-right
2024-01-25,U.S. Is Watching North Korea for Signs of Lethal Military Action
2024-01-25,Nepal asks Russia to send back Nepalis recruited to fight in Ukraine and the bodies of those killed
2024-01-25,EU says they received “signal” that Hungary’s Orbán won’t veto aid for Ukraine
2024-01-21,China defies sanctions to make Russia its biggest oil supplier in 2023
2024-01-29,Indian Navy warship rescues hijacked Iranian vessel in Gulf of Aden
2024-02-07,I’m covering the Israel-Hamas war for Reuters. Ask me anything about the effects the conflict is having on reporters
2024-02-05,"Russia, China and Iran could target UK via Irish ‘backdoor’, thinktank warns"
2024-01-29,Billionaire Cartel Boss Nicknamed 'Taxi' Arrested in Spain
2024-01-23,"Russia: Nadezhdin’s campaign team surpasses the 100,000 signatures required for candidacy"
2024-01-19,"Japan, S. Korea, US vow deeper ties after N. Korea missile launch"
2024-02-04,Global Protests Erupt Against Iranian Executions
2024-01-31,"Germany is considering banning Austrian far-right extremist Martin Sellner from entering the country. Such a move is not unprecedented, but the legal hurdles are high in the EU"
2024-01-23,"Iran to execute protester with mental health condition on Tuesday, says lawyer"
2024-02-03,US strikes in Iraq and Syria reportedly killed nearly 40 people
2024-02-09,Bulgaria is going to prosecute Russian war crimes in Ukraine
2024-01-25,"Report on sex abuse in Germany's Protestant Church documents at least 2,225 victims"
2024-01-20,Bottom trawling stirs up large amounts of carbon from the seabed. This amount of carbon is nearly double the annual emissions from the combustion of fuel by the entire global fishing fleet of about 4 million vessels
2024-02-16,Ukraine's Zelensky to sign security pacts with Germany and France
2024-02-13,Biden touts hostage talks that could yield 6-week cease-fire between Israel and Hamas
2024-02-06,Ukraine nationalizes oil and gas assets of russian oligarch Khudainatov for UAH 0.5 billion
2024-02-11,Biden says Israel shouldn't press into Rafah without 'credible' plan to protect civilians
2024-02-03,Canada is considering the possibility of transferring CRV7 rockets to Ukraine
2024-02-15,"U.S. briefs Canada, other allies about national security concern involving Russia"
2024-01-24,Israel notified U.S. on plans to establish buffer zone in Gaza - report - I24NEWS
2024-01-21,"NATO's Steadfast Defender exercises mark return to Cold War schemes, Russia says"
2024-02-02,American Oct. 7 victims and families file $1 billion lawsuit blaming Iran for attack
2024-02-01,Christopher Steele: UK High Court throws out Trump ex-spy dossier case
2024-02-07,Rumoured split in Hamas leadership as hope grows for ceasefire deal
2024-01-24,US condemns Slovak PM for anti-Ukrainian rhetoric
2024-01-21,British inventor seeks to take $18bn bite out of Apple in bitter patent war
2024-02-15,i24NEWS Exclusive: Israel finds 6 drones amid UNRWA donations that entered West Bank this week - I24NEWS
2024-02-07,Ukraine's Zelenskiy orders creation of separate military force for drones
2024-02-13,Brussels Proposes Sanctions Against Chinese and Indian Corporations with Ties to Russia
2024-01-22,UK Ambassador to Ukraine: We are ready for our weapons to help defeat Russia
2024-01-19,More North Korean defectors say they are happy in the South
2024-02-09,Ghana artifacts that were looted 150 years ago by British forces have been returned by a US museum
2024-01-20,RCMP relaxes recreational cannabis use policy for officers
2024-01-19,IDF uncovers Hamas' main weapons manufacturing industry in Gaza
2024-02-16,Taliban say they will never recognize the Durand Line as Afghanistan's official border with Pakistan
2024-01-26,"As Irish lawmakers prepare to debate marijuana bill, prime minister pledges to examine drug decriminalization as recommended by citizen commission"
2024-01-31,"Japan government accepts it’s no longer the ’90s, stops requiring floppy disks"
2024-01-20,"After strike in Damascus, Israel said to target Iranian official in Lebanon"
2024-01-20,Switzerland confirms Israeli president hit with criminal complaints during Davos visit
2024-01-31,"Islamic Resistance in Iraq group is to blame for Jordan drone strike that killed 3 troops, US says"
2024-02-12,French security experts identify Moscow-based disinformation network
2024-02-09,US imposes sanctions for violations of Russia oil price cap
2024-01-28,"CIA Director William Burns to hold Hamas hostage talks Sunday with Mossad chief, Qatari prime minister"
2024-02-12,AI ‘resurrects’ long dead dictator in murky new era of deepfake electioneering | CNN
2024-01-24,Hamas leaders reportedly communicating using handwritten notes carried by runners
2024-02-05,Israeli settler violence 'must stop': French FM
2024-01-19,"The Taliban confiscated at least 50,000 books from publishing houses and bookshops in Kabul this week. Most of the books focus on local history or the Taliban."
2024-02-16,Russia has already fired 24 North Korean-made ballistic missiles on Ukraine: Prosecutor General explains their specifics
2024-02-12,EU takes first step to use Russia's frozen assets for Ukraine
2024-01-23,Alarming 30-fold rise in measles in Europe - WHO
2024-02-14,Three guilty of showing support for Hamas at pro-Palestine protest
2024-02-08,"Unprecedented Amazon drought was primarily caused by climate change, not El Niño, study finds"
2024-02-14,Putin signs law allowing seizure of property for ‘spreading false information’ about military
2024-02-06,IDF discovers direct links between Iran and Hamas's Sinwar in Gaza
2024-02-17,'Zombie Fires' burning at an alarming rate in Canada
2024-02-04,"Facing dire labor shortage, Israel recruits migrant workers from India"
2024-02-06,Kenyan Cult Leader Is Charged in the Deaths of 191 Children
2024-01-26,Mining giants told to pay $9.7bn over Brazil dam disaster
2024-01-27,"Australia, Italy and others halt funding to U.N. agency over claim staff involved in Hamas attack on Israel"
2024-02-17,Tens of thousands protest in Budapest over sexual abuse case pardon
2024-02-04,"Canada's 2022 fertility rate lowest on record, StatsCan reports"
2024-02-03,"Indian Navy foils another piracy attempt off Somalia coast; 11 Iranian, 8 Pak nationals rescued"
2024-02-03,Romanian doctor from Ukraine offers free medical assistance to soldiers with mobile clinic
2024-02-09,Turkish prosecutors seek prison sentence for ‘free the nipple’ banner
2024-02-07,Chechen woman feared murdered by her family in ‘honour killing’
2024-02-03,Revolutionary 3D-Printed Brain Tissue Mimics Human Function - Neuroscience News
2024-01-27,Venezuela: Maria Corina Machado won the opposition's primary election by a landslide last year. But she has been banned from holding office for 15 years after authorities linked her to exiled Juan Guaido
2024-01-21,German minister aims for cannabis legalization by spring
2024-02-03,Czechs want EU to shop abroad for Ukraine shells
2024-02-05,The US is increasing its urgent military aid to Guyana as neighboring Venezuela's threats linger
2024-02-03,Maldives government asks India why its coast guard boarded 3 fishing boats
2024-01-28,Canada to restart arms exports after Turkey backs Sweden joining NATO: sources
2024-01-31,Britain set to deploy aircraft carrier to Red Sea to counter Iran-backed Houthi attacks
2024-02-03,Top UN court says Ukraine case over Russia’s invasion can go ahead
2024-01-26,"Hungarian FM : Genocide claim at ICJ is nonsense, we back Israel"
2024-02-03,"Around 150,000 gather in Berlin for latest round of protests against far-right"
2024-02-11,Costa Rica guarantees fair compensation and benefits for coffee pickers
2024-01-25,"Germany is not ready for military emergency, defence minister warns"
2024-01-25,FSB forbade VIPs to board Il-76 yesterday; only 5 bodies delivered to Belgorod's morgue – Ukraine's intelligence
2024-01-20,US strikes another Houthi anti-ship missile
2024-01-21,EU countries start discussing 13th package of sanctions against Russia
2024-02-16,"Egypt building wall and clearing land on Gaza border, satellite images and footage show"
2024-02-08,Stress found to send harmful enzymes to the brain
2024-02-17,Russian Nuclear Spacecraft Would Reportedly Attack With Massive Energy Wave
2024-01-26,"""No To Execution"" Hunger-Strike Movement Spreads Across Iran and Abroad"
2024-02-03,"Pakistan ex-PM Khan, wife jailed over 'unlawful marriage': The pair were convicted of breaking an Islamic law that stipulates a three-month wait between a divorce and a new marriage. The verdict was the third in a week against Imran Khan"
2024-01-24,South African man confesses starting fire which killed 76 to conceal murder
2024-01-21,"North Korea said Sunday that Russian President Vladimir Putin expressed his willingness to visit the North at an unspecified ""early date"" as the countries continue to align in the face of their separate, intensifying confrontations with the United States."
2024-01-29,Tesla halts production in Germany due to Red Sea shipping disruptions
2024-01-22,"Taiwan says it spots six more Chinese balloons, one crossed island"
2024-02-01,Navalny calls on voters opposed to Putin’s re-election to vote at midday across Russia
2024-01-24,Four Unknown Emperor Penguin Colonies Discovered in Antarctica
2024-02-17,Top UN court rejects South African request for urgent measures to safeguard Rafah
2024-01-28,N. Korea fires several cruise missiles from its east coast: S. Korea
2024-02-03,Polish president restates support for Ukraine after Crimea remarks
2024-02-13,"Meta Removes 795,000 Posts After EU Rebuke on Hamas Content"
2024-02-12,Russian attack drone operators being trained in Syria
2024-01-21,"Houthis seek more Iranian weapons to step up Red Sea attacks, intel shows"
2024-01-27,"France to back any bid for Olympics by India, says French President Emmanuel Macron"
2024-02-17,Germany's top security official wants easier ways to track right-wing extremist financing
2024-01-20,RCMP officers mocked people being arrested at Wet'suwet'en blockade as 'orcs' and 'ogre' - Audio recordings played in court during abuse of process hearing
2024-02-17,Senior Pakistan official admits election rigging as protests grip country
2024-02-08,Medvedev again threatens the world with ''apocalypse''
2024-01-30,"The Egyptians who have sent more than 130,000 digital cell phone cards to Gaza to defy blackouts"
2024-01-25,Belarus arrests families of political prisoners in KGB crackdown | CNN
2024-02-09,Ukraine's New Commander In Chief Says 'Change Of Warfare Methods' Necessary
2024-02-01,Switzerland adopts latest EU sanctions against Russia
2024-01-29,UK government to ban disposable vapes to prevent use by children
2024-02-06,Yandex: Owner of 'Russia's Google' pulls out of home country
2024-02-15,UK economy slipped into technical recession at the end of 2023
2024-02-02,"Foreign interference networks ‘deeply embedded’ in Canadian politics, CSIS report says - National | Globalnews.ca"
2024-01-31,"In eastern Indonesia, a child adventurer discovered an unknown species of giant stick insect: 14-year-old boy discovered the foot-long insect while hiking with his father"
2024-02-08,Explosions heard near US army base in Syria - report - The Jerusalem post
2024-02-16,NATO/Ukraine training center to be established in Poland
2024-02-04,Russia Charges Self-Exiled Ex-Duma Deputy Who Opposed War With 'High Treason'
2024-01-25,"As Trump looms, top EU politician calls for European nuclear deterrent"
2024-02-17,Nigeria cost of living: People turn to 'throw-away' rice for food
2024-02-12,Chief of UN aid agency in Gaza calls EU funds 'absolutely critical' but the bloc wants an audit
2024-02-11,Nigeria: Dozens arrested for attending gay weddings
2024-01-31,"Ukrainian Cyberattack Takes Down Russian Defense Ministry Server, HUR Says"
2024-02-10,"New US directive links military aid to human rights, including for Israel"
2024-02-13,Police in the Swiss ski resort of Davos are investigating reports that a ski rental store was refusing to sell equipment to Jewish people
2024-02-10,Swiss group gathers signatures to limit population growth
2024-02-06,UN food agency says it has reports of people dying from starvation amid the conflict in Sudan
2024-02-04,"Netherlands and Jordan jointly air drop relief aid, hospital supplies in Gaza"
2024-02-01,Sudan Now has the Highest Rate of Internal Displacement in the World
2024-01-25,Greece faces growing opposition from the Orthodox Church over plans to legalize same-sex marriage
2024-01-20,IMF chief urges countries to shift $7 trillion in fossil fuel subsidies to fight climate change
2024-02-17,"Hungary can ratify Sweden’s NATO bid as soon as Feb 26, Orban says"
2024-02-06,Ukrainian special forces ‘in Sudan operating against Russian mercenaries’
2024-02-15,Greece Is Set to Be First Orthodox Country to Allow Same-Sex Marriage
2024-02-07,"Ukraine Announces Military Drone Force, Underlines Key Role Played By UAVs"
2024-01-22,Families of Israeli hostages storm Knesset parliament meeting
2024-02-05,Russian Anti-War Candidate Vows To Fight As Election Commission Warns Of 'Flawed' Signatures
2024-02-17,Russia’s Opposition in Exile Calls on EU Not to Recognize Putin’s Election - The Moscow Times
2024-02-16,UN chief warns climate chaos and food crises threaten global peace: 'Empty bellies fuel unrest'
2024-01-23,"UAE has funded political assassinations in Yemen, BBC finds"
2024-02-06,Netherlands accuses China of cyber espionage after security service finds compromised Fortigate system
2024-01-23,China considers stock market rescue package worth $278 billion: Report
2024-02-03,‘Cleansing the world of Jews’: Porto housing protest turns antisemitic
2024-02-11,New UN weather agency chief says rate of global warming is speeding up
2024-02-02,"Armenia joins International Criminal Court, Moscow decries 'unfriendly step'"
2024-02-03,US and UK strike Houthi targets in Yemen one day after US strikes in Iraq and Syria
2024-01-20,"Hostage families protest outside Netanyahu's home, ramping up pressure for a truce-for-hostages deal"
2024-02-16,AI hiring tools may be filtering out the best job applicants
2024-02-14,"Russian Artist Threatens to Dissolve $45 M. of Artworks by Picasso, Rembrandt if Julian Assange Dies in Prison"
2024-01-28,Biden and Germany's Scholz to meet as US and EU aid for Ukraine hangs in the balance
2024-01-26,Yemen's Houthis say they targeted oil tanker Marlin Luanda in Gulf of Aden
2024-02-15,"Pakistan politician gives up seat, saying vote was rigged in his favor"
2024-02-16,"Germany signs long-term security deal with Ukraine, unveils new aid package"
2024-01-20,"Expected CO₂ levels in 2024 threaten 1.5°C warming limit | Increased CO₂ in the atmosphere this year will exceed key trajectories for limiting warming to 1.5°C, Britain's Met Office predicted Friday, with researchers reaffirming that that only ""drastic"" emissions cuts can keep the target in sight"
2024-01-31,Russia replacing destroyed tanks in Ukraine at rate of 100 a month: UK
2024-01-26,"Netherlands will airdrop humanitarian aid in Gaza ""if the opportunity arises"""
2024-02-06,EU faces pressure to sanction Russian aluminum
2024-02-04,Swiss soldiers to train on foreign soil for first time in 20 years
2024-02-07,"UK halves emissions by 50%, compared to 1990 emissions- Energy Live News"
2024-02-02,Iran-backed militia in Iraq vows to continue attacks on US forces as White House mulls military action | CNN
2024-02-01,Victims of October 7 set to sue Iran in US federal court - NBC report
2024-02-02,North Korea tests more cruise missiles as leader Kim calls for war readiness
2024-01-25,Houthis attack 2 vessels in Red Sea
2024-01-22,Russia: Anyone ‘discrediting’ army or spreading ‘false information’ to face confiscation of assets
2024-01-22,America and Iran step closer to the brink of war
2024-01-30,These innovations are speeding up the recovery of bleached coral reefs
2024-01-21,Putin willing to visit Pyongyang at early date: KCNA
2024-02-06,Fossil fuels are losing ground to renewable energy in Europe. A new report shows a record drop in greenhouse gas emissions and power generation from fossil fuels.
2024-01-31,State Department reviewing options for possible recognition of Palestinian state
2024-02-16,Neutral Swiss to beef up military spending in wake of Ukraine war
2024-02-12,UK sanctions four Israeli settlers accused of violence
2024-01-25,India’s courts to rule on who invented butter chicken
2024-01-25,Germany considers entry ban on Austrian behind mass deportation plan
2024-01-20,"Biden and Netanyahu have finally talked, but their visions still clash for ending Israel-Hamas war"
2024-01-31,"Chinese hackers are targeting US infrastructure, FBI chief to testify"
2024-02-11,SSU identifies 5 more Russian military personnel involved in torture of civilians in Sumy region
2024-02-13,"Netanyahu to Biden: I want a hostage deal, but Hamas's demands are a non-starter"
2024-01-21,Turkish airstrikes wipe out key energy infrastructure in Syria's Kurdish northeast
2024-01-24,Russia probing for Ukraine weaknesses as US funding stalls
2024-01-31,Switzerland hands over first batch of Leopard 2 tanks to Germany
2024-02-11,A Saudi dissident who has unsuccessfully sought asylum in Bulgaria has received a deportation order and now fears he could be sent back to the Gulf kingdom any day
2024-01-19,Poland to abolish homework for primary school pupils
2024-02-06,"Despite U.S. airstrikes, Iran continues to arm its proxies"
2024-02-13,Russia Puts Estonian PM And Dozens Of Baltic Officials On Wanted List For Removing Monuments
2024-02-10,EU Readies New Sanctions Targeting Foreign Companies Helping Russia's War Effort
2024-02-05,Mayor of Kyiv stands up for Commander-in-Chief of Ukrainian Armed Forces: Politics can outweigh common sense
2024-02-09,Students block streets to protest private universities possibly coming to Greece
2024-02-17,Former German spy chief founds new right-wing party
2024-02-15,"Japan slips to the world's fourth-largest economy, behind the US, China and now Germany"
2024-02-01,Israelis tell British MPs of evidence of Hamas sexual violence
2024-02-02,Saudi Arabia willing to make concessions on Palestinians for peace with Israel
2024-02-13,Russia Orders Arrest of Meta Exec for 'Extremist Activities'
2024-02-10,Zelenskiy fills out rebooted Ukraine military team
2024-01-25,Polish government approves bill restoring prescription-free access to morning-after pill
2024-01-28,Nobel Peace Laureate Urges UN Official To Visit Prisons When In Iran
2024-02-13,Turkey arrests suspected ISIS member working at nuclear plant
2024-01-30,China’s human rights record criticised at UN as it faces rare scrutiny of policies
2024-02-07,Thailand takes steps to ban weed two years after decriminalizing it
2024-02-08,"Death Threats, Boycotts Target Jewish Creatives in Australia"
2024-02-11,French Interior Minister Gérald Darmanin says France will end birthright citizenship in overseas territory Mayotte
2024-01-30,"Indian Navy conducts anti-piracy operation, saves 19 Pakistani crew"
2024-02-17,Hungary rocked by protests over child sex abuse pardon case
2024-02-14,Hungary resignations leave Viktor Orban in biggest crisis yet
2024-01-21,Army called in to rescue about 600 Spanish motorists stuck in snow
2024-01-29,Middle East latest: Israel agrees to hostage deal terms; calls in US for 'devastating retaliation' to deadly drone strike
2024-01-24,New Ukrainian Underwater Drone Project To Dominate The Black Sea
2024-02-16,"India resumes buying Russian Sokol oil after 2-month hiatus, sources say"
2024-02-10,Germany and Mongolia sign Joint Declaration on strategic partnership
2024-02-03,"Ukraine must adapt to a reduction in Western military aid, embattled army chief says"
2024-01-26,Artifacts from Franklin’s lost expedition found in shipwrecks off Nunavut
2024-02-08,"Ethiopian PM says ""no death due to starvation so far"" as authorities in Tigray report 860 deaths from hunger in the past six months"
2024-02-02,Japan to introduce six-month residency visa for 'digital nomads'
2024-01-19,"Robot spacecraft makes soft lunar landing, Japanese space agency says"
2024-02-15,"UK could contribute to nuclear shield if Trump wins, suggests German minister"
2024-01-26,Colombia declares a disaster due to wildfires as it calls for international help | CNN
2024-01-26,"India now cooperating with Canada following allegations, after 'fruitful' discussions, says outgoing NSIA"
2024-01-20,Medieval inscription discovered in desert ruins
2024-02-15,UK antisemitic hate crimes hit new high - report - BBC News
2024-02-12,HMS Prince of Wales sails for key NATO exercise in Norway
2024-02-17,February on course to break unprecedented number of heat records
2024-01-30,Germany: Police seize bitcoins worth €2 billion
2024-01-30,Russia anti-war band arrested in Thailand faces deportation
2024-02-14,"Academics in the United States, the United Kingdom and Australia collaborated on drone research with Iranian university Sharif University"
2024-02-08,"Lack of competition allows supermarkets, banks and airlines to gouge Australians, report finds"
2024-01-26,"Report on sex abuse in Germany’s Protestant Church documents at least 2,225 victims"
2024-01-25,"45,000 people take to streets in all major cities in Slovakia, as well as in neighbouring countries, in anti-government protests"
2024-02-16,Polish prime minister says his country and Finland want changes on EU border policies on migration
2024-02-03,Pakistan ex-PM Imran Khan and wife jailed for 7 years for unlawful marriage
2024-02-09,Germany silent on Putin's call to free Russian hitman
2024-02-06,Turkey's drone maker Baykar begins to build plant in Ukraine
2024-02-03,Partnership with India is one of most consequential relationships: U.S.
2024-02-04,Diplomatic tensions between Ecuador and Russia over military equipment threaten banana exports
2024-02-08,Brazil's ex-leader Bolsonaro to have passport seized over coup probe
2024-01-24,NATO Signs $1.2B Artillery Shell Deal
2024-01-21,Lithuania sends 1st European delegation to visit Taiwan following Lai's victory
2024-02-15,Nations receiving US arms told to abide by laws of war
2024-02-12,"Kelvin Kiptum, men's marathon world record holder, dies in a car crash"
2024-01-22,Turkey Parliament Set to Vote on Sweden’s NATO Bid This Week
2024-02-05,US-UK airstrikes reported on Iran-backed Houthis second night in a row
2024-02-04,Russia lures Syrians into army in exchange for Yakut passports
2024-02-06,Kazakhstan's president dismisses his Cabinet
2024-02-13,Israel to send delegation to Cairo hostage talks as Biden touts push for 6-week pause
2024-02-07,Netanyahu rejects Hamas's proposed ceasefire terms
2024-02-05,China Drops to Second in BloombergNEF’s Global Lithium-Ion Battery Supply Chain Ranking as Canada Comes Out on Top
2024-02-10,Scientists in UK set fusion record
2024-01-25,"Philippines, Vietnam to sign coastguard deal risking China's ire"
2024-01-22,"US puts sanctions on Hamas-linked financial networks, others"
2024-02-04,Hamas rushes to try and rebuild influence in northern Gaza
2024-02-14,[Exclusive] New EU sanctions: Lukashenko also stealing Ukraine's children
2024-01-30,Canada facing a crisis in hospital emergency care
2024-02-08,Data of half the population of France stolen in its largest ever cyberattack
2024-02-16,Japan OKs plan to boost child allowances to tackle falling birthrate
2024-01-28,Workers Protests Continues In Iran Amid Economic Strain
2024-02-03,North Korea says it tested cruise missiles with ‘super-large’ warheads in its latest weapons display
2024-02-04,46 reported dead in Chile as forest fires move into densely populated central areas
2024-02-13,21 black rhinos have been moved to Kenya’s Loisaba Conservancy as the species recovers: This represents a big turnaround for them as the nation's 16 sanctuaries have become stretched
